timestamp,site_id,revenue_usd
2024-07-01 00:00:00-07:00,PalmSprings_SolarFarm,0.0
2024-07-01 01:00:00-07:00,PalmSprings_SolarFarm,0.0
2024-07-01 02:00:00-07:00,PalmSprings_SolarFarm,0.0
2024-07-01 03:00:00-07:00,PalmSprings_SolarFarm,0.0
2024-07-01 04:00:00-07:00,PalmSprings_SolarFarm,0.0
2024-07-01 05:00:00-07:00,PalmSprings_SolarFarm,0.0
2024-07-01 06:00:00-07:00,PalmSprings_SolarFarm,0.0
2024-07-01 07:00:00-07:00,PalmSprings_SolarFarm,769.66
2024-07-01 08:00:00-07:00,PalmSprings_SolarFarm,1525.05
2024-07-01 09:00:00-07:00,PalmSprings_SolarFarm,2869.93
2024-07-01 10:00:00-07:00,PalmSprings_SolarFarm,3472.19
2024-07-01 11:00:00-07:00,PalmSprings_SolarFarm,3286.59
2024-07-01 12:00:00-07:00,PalmSprings_SolarFarm,4043.11
2024-07-01 13:00:00-07:00,PalmSprings_SolarFarm,4378.22
2024-07-01 14:00:00-07:00,PalmSprings_SolarFarm,4288.57
2024-07-01 15:00:00-07:00,PalmSprings_SolarFarm,2960.38
2024-07-01 16:00:00-07:00,PalmSprings_SolarFarm,2718.89
2024-07-01 17:00:00-07:00,PalmSprings_SolarFarm,2707.14
2024-07-01 18:00:00-07:00,PalmSprings_SolarFarm,1826.52
2024-07-01 19:00:00-07:00,PalmSprings_SolarFarm,1148.37
2024-07-01 20:00:00-07:00,PalmSprings_SolarFarm,0.0
2024-07-01 21:00:00-07:00,PalmSprings_SolarFarm,0.0
2024-07-01 22:00:00-07:00,PalmSprings_SolarFarm,0.0
2024-07-01 23:00:00-07:00,PalmSprings_SolarFarm,0.0
2024-07-02 00:00:00-07:00,PalmSprings_SolarFarm,0.0
2024-07-02 01:00:00-07:00,PalmSprings_SolarFarm,0.0
2024-07-02 02:00:00-07:00,PalmSprings_SolarFarm,0.0
2024-07-02 03:00:00-07:00,PalmSprings_SolarFarm,0.0
2024-07-02 04:00:00-07:00,PalmSprings_SolarFarm,0.0
2024-07-02 05:00:00-07:00,PalmSprings_SolarFarm,0.0
2024-07-02 06:00:00-07:00,PalmSprings_SolarFarm,0.0
2024-07-02 07:00:00-07:00,PalmSprings_SolarFarm,878.58
2024-07-02 08:00:00-07:00,PalmSprings_SolarFarm,1481.89
2024-07-02 09:00:00-07:00,PalmSprings_SolarFarm,2912.95
2024-07-02 10:00:00-07:00,PalmSprings_SolarFarm,3105.6
2024-07-02 11:00:00-07:00,PalmSprings_SolarFarm,4493.32
2024-07-02 12:00:00-07:00,PalmSprings_SolarFarm,3811.98
2024-07-02 13:00:00-07:00,PalmSprings_SolarFarm,4465.33
2024-07-02 14:00:00-07:00,PalmSprings_SolarFarm,4081.71
2024-07-02 15:00:00-07:00,PalmSprings_SolarFarm,3916.1
2024-07-02 16:00:00-07:00,PalmSprings_SolarFarm,3799.26
2024-07-02 17:00:00-07:00,PalmSprings_SolarFarm,2855.03
2024-07-02 18:00:00-07:00,PalmSprings_SolarFarm,1942.03
2024-07-02 19:00:00-07:00,PalmSprings_SolarFarm,1184.64
2024-07-02 20:00:00-07:00,PalmSprings_SolarFarm,0.0
2024-07-02 21:00:00-07:00,PalmSprings_SolarFarm,0.0
2024-07-02 22:00:00-07:00,PalmSprings_SolarFarm,0.0
2024-07-02 23:00:00-07:00,PalmSprings_SolarFarm,0.0
2024-07-03 00:00:00-07:00,PalmSprings_SolarFarm,0.0
2024-07-03 01:00:00-07:00,PalmSprings_SolarFarm,0.0
2024-07-03 02:00:00-07:00,PalmSprings_SolarFarm,0.0
2024-07-03 03:00:00-07:00,PalmSprings_SolarFarm,0.0
2024-07-03 04:00:00-07:00,PalmSprings_SolarFarm,0.0
2024-07-03 05:00:00-07:00,PalmSprings_SolarFarm,0.0
2024-07-03 06:00:00-07:00,PalmSprings_SolarFarm,0.0
2024-07-03 07:00:00-07:00,PalmSprings_SolarFarm,1004.48
2024-07-03 08:00:00-07:00,PalmSprings_SolarFarm,1561.84
2024-07-03 09:00:00-07:00,PalmSprings_SolarFarm,2829.08
2024-07-03 10:00:00-07:00,PalmSprings_SolarFarm,3980.33
2024-07-03 11:00:00-07:00,PalmSprings_SolarFarm,3383.51
2024-07-03 12:00:00-07:00,PalmSprings_SolarFarm,4417.61
2024-07-03 13:00:00-07:00,PalmSprings_SolarFarm,3385.42
2024-07-03 14:00:00-07:00,PalmSprings_SolarFarm,3424.82
2024-07-03 15:00:00-07:00,PalmSprings_SolarFarm,4335.06
2024-07-03 16:00:00-07:00,PalmSprings_SolarFarm,2758.52
2024-07-03 17:00:00-07:00,PalmSprings_SolarFarm,2754.42
2024-07-03 18:00:00-07:00,PalmSprings_SolarFarm,1982.02
2024-07-03 19:00:00-07:00,PalmSprings_SolarFarm,971.65
2024-07-03 20:00:00-07:00,PalmSprings_SolarFarm,0.0
2024-07-03 21:00:00-07:00,PalmSprings_SolarFarm,0.0
2024-07-03 22:00:00-07:00,PalmSprings_SolarFarm,0.0
2024-07-03 23:00:00-07:00,PalmSprings_SolarFarm,0.0
2024-07-04 00:00:00-07:00,PalmSprings_SolarFarm,0.0
2024-07-04 01:00:00-07:00,PalmSprings_SolarFarm,0.0
2024-07-04 02:00:00-07:00,PalmSprings_SolarFarm,0.0
2024-07-04 03:00:00-07:00,PalmSprings_SolarFarm,0.0
2024-07-04 04:00:00-07:00,PalmSprings_SolarFarm,0.0
2024-07-04 05:00:00-07:00,PalmSprings_SolarFarm,0.0
2024-07-04 06:00:00-07:00,PalmSprings_SolarFarm,0.0
2024-07-04 07:00:00-07:00,PalmSprings_SolarFarm,858.23
2024-07-04 08:00:00-07:00,PalmSprings_SolarFarm,1819.31
2024-07-04 09:00:00-07:00,PalmSprings_SolarFarm,2403.46
2024-07-04 10:00:00-07:00,PalmSprings_SolarFarm,2728.4
2024-07-04 11:00:00-07:00,PalmSprings_SolarFarm,3272.48
2024-07-04 12:00:00-07:00,PalmSprings_SolarFarm,3169.87
2024-07-04 13:00:00-07:00,PalmSprings_SolarFarm,4394.99
2024-07-04 14:00:00-07:00,PalmSprings_SolarFarm,3195.02
2024-07-04 15:00:00-07:00,PalmSprings_SolarFarm,3953.0
2024-07-04 16:00:00-07:00,PalmSprings_SolarFarm,2862.43
2024-07-04 17:00:00-07:00,PalmSprings_SolarFarm,3142.75
2024-07-04 18:00:00-07:00,PalmSprings_SolarFarm,1591.01
2024-07-04 19:00:00-07:00,PalmSprings_SolarFarm,1049.11
2024-07-04 20:00:00-07:00,PalmSprings_SolarFarm,0.0
2024-07-04 21:00:00-07:00,PalmSprings_SolarFarm,0.0
2024-07-04 22:00:00-07:00,PalmSprings_SolarFarm,0.0
2024-07-04 23:00:00-07:00,PalmSprings_SolarFarm,0.0
2024-07-05 00:00:00-07:00,PalmSprings_SolarFarm,0.0
2024-07-05 01:00:00-07:00,PalmSprings_SolarFarm,0.0
2024-07-05 02:00:00-07:00,PalmSprings_SolarFarm,0.0
2024-07-05 03:00:00-07:00,PalmSprings_SolarFarm,0.0
2024-07-05 04:00:00-07:00,PalmSprings_SolarFarm,0.0
2024-07-05 05:00:00-07:00,PalmSprings_SolarFarm,0.0
2024-07-05 06:00:00-07:00,PalmSprings_SolarFarm,0.0
2024-07-05 07:00:00-07:00,PalmSprings_SolarFarm,938.8
2024-07-05 08:00:00-07:00,PalmSprings_SolarFarm,1921.59
2024-07-05 09:00:00-07:00,PalmSprings_SolarFarm,2556.7
2024-07-05 10:00:00-07:00,PalmSprings_SolarFarm,2786.27
2024-07-05 11:00:00-07:00,PalmSprings_SolarFarm,3488.99
2024-07-05 12:00:00-07:00,PalmSprings_SolarFarm,3549.68
2024-07-05 13:00:00-07:00,PalmSprings_SolarFarm,3669.28
2024-07-05 14:00:00-07:00,PalmSprings_SolarFarm,4721.75
2024-07-05 15:00:00-07:00,PalmSprings_SolarFarm,3950.72
2024-07-05 16:00:00-07:00,PalmSprings_SolarFarm,3669.45
2024-07-05 17:00:00-07:00,PalmSprings_SolarFarm,2573.78
2024-07-05 18:00:00-07:00,PalmSprings_SolarFarm,1562.92
2024-07-05 19:00:00-07:00,PalmSprings_SolarFarm,975.79
2024-07-05 20:00:00-07:00,PalmSprings_SolarFarm,0.0
2024-07-05 21:00:00-07:00,PalmSprings_SolarFarm,0.0
2024-07-05 22:00:00-07:00,PalmSprings_SolarFarm,0.0
2024-07-05 23:00:00-07:00,PalmSprings_SolarFarm,0.0
2024-07-06 00:00:00-07:00,PalmSprings_SolarFarm,0.0
2024-07-06 01:00:00-07:00,PalmSprings_SolarFarm,0.0
2024-07-06 02:00:00-07:00,PalmSprings_SolarFarm,0.0
2024-07-06 03:00:00-07:00,PalmSprings_SolarFarm,0.0
2024-07-06 04:00:00-07:00,PalmSprings_SolarFarm,0.0
2024-07-06 05:00:00-07:00,PalmSprings_SolarFarm,0.0
2024-07-06 06:00:00-07:00,PalmSprings_SolarFarm,0.0
2024-07-06 07:00:00-07:00,PalmSprings_SolarFarm,909.71
2024-07-06 08:00:00-07:00,PalmSprings_SolarFarm,1815.26
2024-07-06 09:00:00-07:00,PalmSprings_SolarFarm,2919.91
2024-07-06 10:00:00-07:00,PalmSprings_SolarFarm,3616.16
2024-07-06 11:00:00-07:00,PalmSprings_SolarFarm,3535.72
2024-07-06 12:00:00-07:00,PalmSprings_SolarFarm,5206.46
2024-07-06 13:00:00-07:00,PalmSprings_SolarFarm,3281.29
2024-07-06 14:00:00-07:00,PalmSprings_SolarFarm,4558.24
2024-07-06 15:00:00-07:00,PalmSprings_SolarFarm,4339.06
2024-07-06 16:00:00-07:00,PalmSprings_SolarFarm,3360.11
2024-07-06 17:00:00-07:00,PalmSprings_SolarFarm,2565.71
2024-07-06 18:00:00-07:00,PalmSprings_SolarFarm,1369.0
2024-07-06 19:00:00-07:00,PalmSprings_SolarFarm,948.79
2024-07-06 20:00:00-07:00,PalmSprings_SolarFarm,0.0
2024-07-06 21:00:00-07:00,PalmSprings_SolarFarm,0.0
2024-07-06 22:00:00-07:00,PalmSprings_SolarFarm,0.0
2024-07-06 23:00:00-07:00,PalmSprings_SolarFarm,0.0
2024-07-07 00:00:00-07:00,PalmSprings_SolarFarm,0.0
2024-07-07 01:00:00-07:00,PalmSprings_SolarFarm,0.0
2024-07-07 02:00:00-07:00,PalmSprings_SolarFarm,0.0
2024-07-07 03:00:00-07:00,PalmSprings_SolarFarm,0.0
2024-07-07 04:00:00-07:00,PalmSprings_SolarFarm,0.0
2024-07-07 05:00:00-07:00,PalmSprings_SolarFarm,0.0
2024-07-07 06:00:00-07:00,PalmSprings_SolarFarm,0.0
2024-07-07 07:00:00-07:00,PalmSprings_SolarFarm,1131.34
2024-07-07 08:00:00-07:00,PalmSprings_SolarFarm,1654.04
2024-07-07 09:00:00-07:00,PalmSprings_SolarFarm,2562.04
2024-07-07 10:00:00-07:00,PalmSprings_SolarFarm,3891.32
2024-07-07 11:00:00-07:00,PalmSprings_SolarFarm,3508.51
2024-07-07 12:00:00-07:00,PalmSprings_SolarFarm,3899.69
2024-07-07 13:00:00-07:00,PalmSprings_SolarFarm,4970.16
2024-07-07 14:00:00-07:00,PalmSprings_SolarFarm,4772.21
2024-07-07 15:00:00-07:00,PalmSprings_SolarFarm,4065.86
2024-07-07 16:00:00-07:00,PalmSprings_SolarFarm,3700.88
2024-07-07 17:00:00-07:00,PalmSprings_SolarFarm,2457.84
2024-07-07 18:00:00-07:00,PalmSprings_SolarFarm,1464.58
2024-07-07 19:00:00-07:00,PalmSprings_SolarFarm,1022.64
2024-07-07 20:00:00-07:00,PalmSprings_SolarFarm,0.0
2024-07-07 21:00:00-07:00,PalmSprings_SolarFarm,0.0
2024-07-07 22:00:00-07:00,PalmSprings_SolarFarm,0.0
2024-07-07 23:00:00-07:00,PalmSprings_SolarFarm,0.0
2024-07-08 00:00:00-07:00,PalmSprings_SolarFarm,0.0
2024-07-08 01:00:00-07:00,PalmSprings_SolarFarm,0.0
2024-07-08 02:00:00-07:00,PalmSprings_SolarFarm,0.0
2024-07-08 03:00:00-07:00,PalmSprings_SolarFarm,0.0
2024-07-08 04:00:00-07:00,PalmSprings_SolarFarm,0.0
2024-07-08 05:00:00-07:00,PalmSprings_SolarFarm,0.0
2024-07-08 06:00:00-07:00,PalmSprings_SolarFarm,0.0
2024-07-08 07:00:00-07:00,PalmSprings_SolarFarm,872.48
2024-07-08 08:00:00-07:00,PalmSprings_SolarFarm,2085.04
2024-07-08 09:00:00-07:00,PalmSprings_SolarFarm,2437.49
2024-07-08 10:00:00-07:00,PalmSprings_SolarFarm,2955.8
2024-07-08 11:00:00-07:00,PalmSprings_SolarFarm,3554.94
2024-07-08 12:00:00-07:00,PalmSprings_SolarFarm,3592.0
2024-07-08 13:00:00-07:00,PalmSprings_SolarFarm,5066.32
2024-07-08 14:00:00-07:00,PalmSprings_SolarFarm,4001.66
2024-07-08 15:00:00-07:00,PalmSprings_SolarFarm,3108.04
2024-07-08 16:00:00-07:00,PalmSprings_SolarFarm,2563.53
2024-07-08 17:00:00-07:00,PalmSprings_SolarFarm,3226.8
2024-07-08 18:00:00-07:00,PalmSprings_SolarFarm,1908.13
2024-07-08 19:00:00-07:00,PalmSprings_SolarFarm,961.22
2024-07-08 20:00:00-07:00,PalmSprings_SolarFarm,0.0
2024-07-08 21:00:00-07:00,PalmSprings_SolarFarm,0.0
2024-07-08 22:00:00-07:00,PalmSprings_SolarFarm,0.0
2024-07-08 23:00:00-07:00,PalmSprings_SolarFarm,0.0
2024-07-09 00:00:00-07:00,PalmSprings_SolarFarm,0.0
2024-07-09 01:00:00-07:00,PalmSprings_SolarFarm,0.0
2024-07-09 02:00:00-07:00,PalmSprings_SolarFarm,0.0
2024-07-09 03:00:00-07:00,PalmSprings_SolarFarm,0.0
2024-07-09 04:00:00-07:00,PalmSprings_SolarFarm,0.0
2024-07-09 05:00:00-07:00,PalmSprings_SolarFarm,0.0
2024-07-09 06:00:00-07:00,PalmSprings_SolarFarm,0.0
2024-07-09 07:00:00-07:00,PalmSprings_SolarFarm,916.71
2024-07-09 08:00:00-07:00,PalmSprings_SolarFarm,1564.29
2024-07-09 09:00:00-07:00,PalmSprings_SolarFarm,2446.94
2024-07-09 10:00:00-07:00,PalmSprings_SolarFarm,3066.25
2024-07-09 11:00:00-07:00,PalmSprings_SolarFarm,3944.02
2024-07-09 12:00:00-07:00,PalmSprings_SolarFarm,3322.18
2024-07-09 13:00:00-07:00,PalmSprings_SolarFarm,3810.78
2024-07-09 14:00:00-07:00,PalmSprings_SolarFarm,3600.62
2024-07-09 15:00:00-07:00,PalmSprings_SolarFarm,3237.12
2024-07-09 16:00:00-07:00,PalmSprings_SolarFarm,3289.15
2024-07-09 17:00:00-07:00,PalmSprings_SolarFarm,2953.36
2024-07-09 18:00:00-07:00,PalmSprings_SolarFarm,1866.55
2024-07-09 19:00:00-07:00,PalmSprings_SolarFarm,826.93
2024-07-09 20:00:00-07:00,PalmSprings_SolarFarm,0.0
2024-07-09 21:00:00-07:00,PalmSprings_SolarFarm,0.0
2024-07-09 22:00:00-07:00,PalmSprings_SolarFarm,0.0
2024-07-09 23:00:00-07:00,PalmSprings_SolarFarm,0.0
2024-07-10 00:00:00-07:00,PalmSprings_SolarFarm,0.0
2024-07-10 01:00:00-07:00,PalmSprings_SolarFarm,0.0
2024-07-10 02:00:00-07:00,PalmSprings_SolarFarm,0.0
2024-07-10 03:00:00-07:00,PalmSprings_SolarFarm,0.0
2024-07-10 04:00:00-07:00,PalmSprings_SolarFarm,0.0
2024-07-10 05:00:00-07:00,PalmSprings_SolarFarm,0.0
2024-07-10 06:00:00-07:00,PalmSprings_SolarFarm,0.0
2024-07-10 07:00:00-07:00,PalmSprings_SolarFarm,1034.0
2024-07-10 08:00:00-07:00,PalmSprings_SolarFarm,1637.67
2024-07-10 09:00:00-07:00,PalmSprings_SolarFarm,2940.96
2024-07-10 10:00:00-07:00,PalmSprings_SolarFarm,3670.57
2024-07-10 11:00:00-07:00,PalmSprings_SolarFarm,4344.34
2024-07-10 12:00:00-07:00,PalmSprings_SolarFarm,4955.44
2024-07-10 13:00:00-07:00,PalmSprings_SolarFarm,3304.24
2024-07-10 14:00:00-07:00,PalmSprings_SolarFarm,3541.96
2024-07-10 15:00:00-07:00,PalmSprings_SolarFarm,4701.21
2024-07-10 16:00:00-07:00,PalmSprings_SolarFarm,3710.13
2024-07-10 17:00:00-07:00,PalmSprings_SolarFarm,3227.27
2024-07-10 18:00:00-07:00,PalmSprings_SolarFarm,1543.27
2024-07-10 19:00:00-07:00,PalmSprings_SolarFarm,840.42
2024-07-10 20:00:00-07:00,PalmSprings_SolarFarm,0.0
2024-07-10 21:00:00-07:00,PalmSprings_SolarFarm,0.0
2024-07-10 22:00:00-07:00,PalmSprings_SolarFarm,0.0
2024-07-10 23:00:00-07:00,PalmSprings_SolarFarm,0.0
2024-07-11 00:00:00-07:00,PalmSprings_SolarFarm,0.0
2024-07-11 01:00:00-07:00,PalmSprings_SolarFarm,0.0
2024-07-11 02:00:00-07:00,PalmSprings_SolarFarm,0.0
2024-07-11 03:00:00-07:00,PalmSprings_SolarFarm,0.0
2024-07-11 04:00:00-07:00,PalmSprings_SolarFarm,0.0
2024-07-11 05:00:00-07:00,PalmSprings_SolarFarm,0.0
2024-07-11 06:00:00-07:00,PalmSprings_SolarFarm,0.0
2024-07-11 07:00:00-07:00,PalmSprings_SolarFarm,1043.01
2024-07-11 08:00:00-07:00,PalmSprings_SolarFarm,2037.18
2024-07-11 09:00:00-07:00,PalmSprings_SolarFarm,2833.19
2024-07-11 10:00:00-07:00,PalmSprings_SolarFarm,3113.94
2024-07-11 11:00:00-07:00,PalmSprings_SolarFarm,3748.15
2024-07-11 12:00:00-07:00,PalmSprings_SolarFarm,3197.76
2024-07-11 13:00:00-07:00,PalmSprings_SolarFarm,3754.59
2024-07-11 14:00:00-07:00,PalmSprings_SolarFarm,4258.5
2024-07-11 15:00:00-07:00,PalmSprings_SolarFarm,3836.29
2024-07-11 16:00:00-07:00,PalmSprings_SolarFarm,3806.13
2024-07-11 17:00:00-07:00,PalmSprings_SolarFarm,2856.32
2024-07-11 18:00:00-07:00,PalmSprings_SolarFarm,1828.9
2024-07-11 19:00:00-07:00,PalmSprings_SolarFarm,953.22
2024-07-11 20:00:00-07:00,PalmSprings_SolarFarm,0.0
2024-07-11 21:00:00-07:00,PalmSprings_SolarFarm,0.0
2024-07-11 22:00:00-07:00,PalmSprings_SolarFarm,0.0
2024-07-11 23:00:00-07:00,PalmSprings_SolarFarm,0.0
2024-07-12 00:00:00-07:00,PalmSprings_SolarFarm,0.0
2024-07-12 01:00:00-07:00,PalmSprings_SolarFarm,0.0
2024-07-12 02:00:00-07:00,PalmSprings_SolarFarm,0.0
2024-07-12 03:00:00-07:00,PalmSprings_SolarFarm,0.0
2024-07-12 04:00:00-07:00,PalmSprings_SolarFarm,0.0
2024-07-12 05:00:00-07:00,PalmSprings_SolarFarm,0.0
2024-07-12 06:00:00-07:00,PalmSprings_SolarFarm,0.0
2024-07-12 07:00:00-07:00,PalmSprings_SolarFarm,970.14
2024-07-12 08:00:00-07:00,PalmSprings_SolarFarm,1733.49
2024-07-12 09:00:00-07:00,PalmSprings_SolarFarm,3237.96
2024-07-12 10:00:00-07:00,PalmSprings_SolarFarm,3957.68
2024-07-12 11:00:00-07:00,PalmSprings_SolarFarm,4034.86
2024-07-12 12:00:00-07:00,PalmSprings_SolarFarm,3556.89
2024-07-12 13:00:00-07:00,PalmSprings_SolarFarm,3660.92
2024-07-12 14:00:00-07:00,PalmSprings_SolarFarm,4457.55
2024-07-12 15:00:00-07:00,PalmSprings_SolarFarm,3250.29
2024-07-12 16:00:00-07:00,PalmSprings_SolarFarm,2732.64
2024-07-12 17:00:00-07:00,PalmSprings_SolarFarm,2824.98
2024-07-12 18:00:00-07:00,PalmSprings_SolarFarm,1550.26
2024-07-12 19:00:00-07:00,PalmSprings_SolarFarm,927.79
2024-07-12 20:00:00-07:00,PalmSprings_SolarFarm,0.0
2024-07-12 21:00:00-07:00,PalmSprings_SolarFarm,0.0
2024-07-12 22:00:00-07:00,PalmSprings_SolarFarm,0.0
2024-07-12 23:00:00-07:00,PalmSprings_SolarFarm,0.0
2024-07-13 00:00:00-07:00,PalmSprings_SolarFarm,0.0
2024-07-13 01:00:00-07:00,PalmSprings_SolarFarm,0.0
2024-07-13 02:00:00-07:00,PalmSprings_SolarFarm,0.0
2024-07-13 03:00:00-07:00,PalmSprings_SolarFarm,0.0
2024-07-13 04:00:00-07:00,PalmSprings_SolarFarm,0.0
2024-07-13 05:00:00-07:00,PalmSprings_SolarFarm,0.0
2024-07-13 06:00:00-07:00,PalmSprings_SolarFarm,0.0
2024-07-13 07:00:00-07:00,PalmSprings_SolarFarm,1016.41
2024-07-13 08:00:00-07:00,PalmSprings_SolarFarm,2180.47
2024-07-13 09:00:00-07:00,PalmSprings_SolarFarm,2088.35
2024-07-13 10:00:00-07:00,PalmSprings_SolarFarm,3520.67
2024-07-13 11:00:00-07:00,PalmSprings_SolarFarm,4743.89
2024-07-13 12:00:00-07:00,PalmSprings_SolarFarm,4426.54
2024-07-13 13:00:00-07:00,PalmSprings_SolarFarm,5120.51
2024-07-13 14:00:00-07:00,PalmSprings_SolarFarm,4741.33
2024-07-13 15:00:00-07:00,PalmSprings_SolarFarm,3527.87
2024-07-13 16:00:00-07:00,PalmSprings_SolarFarm,3875.84
2024-07-13 17:00:00-07:00,PalmSprings_SolarFarm,2887.64
2024-07-13 18:00:00-07:00,PalmSprings_SolarFarm,2049.11
2024-07-13 19:00:00-07:00,PalmSprings_SolarFarm,976.13
2024-07-13 20:00:00-07:00,PalmSprings_SolarFarm,0.0
2024-07-13 21:00:00-07:00,PalmSprings_SolarFarm,0.0
2024-07-13 22:00:00-07:00,PalmSprings_SolarFarm,0.0
2024-07-13 23:00:00-07:00,PalmSprings_SolarFarm,0.0
2024-07-14 00:00:00-07:00,PalmSprings_SolarFarm,0.0
2024-07-14 01:00:00-07:00,PalmSprings_SolarFarm,0.0
2024-07-14 02:00:00-07:00,PalmSprings_SolarFarm,0.0
2024-07-14 03:00:00-07:00,PalmSprings_SolarFarm,0.0
2024-07-14 04:00:00-07:00,PalmSprings_SolarFarm,0.0
2024-07-14 05:00:00-07:00,PalmSprings_SolarFarm,0.0
2024-07-14 06:00:00-07:00,PalmSprings_SolarFarm,0.0
2024-07-14 07:00:00-07:00,PalmSprings_SolarFarm,820.78
2024-07-14 08:00:00-07:00,PalmSprings_SolarFarm,2026.3
2024-07-14 09:00:00-07:00,PalmSprings_SolarFarm,2112.23
2024-07-14 10:00:00-07:00,PalmSprings_SolarFarm,3781.92
2024-07-14 11:00:00-07:00,PalmSprings_SolarFarm,3593.51
2024-07-14 12:00:00-07:00,PalmSprings_SolarFarm,4196.34
2024-07-14 13:00:00-07:00,PalmSprings_SolarFarm,4019.68
2024-07-14 14:00:00-07:00,PalmSprings_SolarFarm,4151.58
2024-07-14 15:00:00-07:00,PalmSprings_SolarFarm,3421.75
2024-07-14 16:00:00-07:00,PalmSprings_SolarFarm,3731.41
2024-07-14 17:00:00-07:00,PalmSprings_SolarFarm,2925.28
2024-07-14 18:00:00-07:00,PalmSprings_SolarFarm,2352.88
2024-07-14 19:00:00-07:00,PalmSprings_SolarFarm,898.4
2024-07-14 20:00:00-07:00,PalmSprings_SolarFarm,0.0
2024-07-14 21:00:00-07:00,PalmSprings_SolarFarm,0.0
2024-07-14 22:00:00-07:00,PalmSprings_SolarFarm,0.0
2024-07-14 23:00:00-07:00,PalmSprings_SolarFarm,0.0
2024-07-15 00:00:00-07:00,PalmSprings_SolarFarm,0.0
2024-07-15 01:00:00-07:00,PalmSprings_SolarFarm,0.0
2024-07-15 02:00:00-07:00,PalmSprings_SolarFarm,0.0
2024-07-15 03:00:00-07:00,PalmSprings_SolarFarm,0.0
2024-07-15 04:00:00-07:00,PalmSprings_SolarFarm,0.0
2024-07-15 05:00:00-07:00,PalmSprings_SolarFarm,0.0
2024-07-15 06:00:00-07:00,PalmSprings_SolarFarm,0.0
2024-07-15 07:00:00-07:00,PalmSprings_SolarFarm,710.76
2024-07-15 08:00:00-07:00,PalmSprings_SolarFarm,1848.46
2024-07-15 09:00:00-07:00,PalmSprings_SolarFarm,2894.8
2024-07-15 10:00:00-07:00,PalmSprings_SolarFarm,2726.61
2024-07-15 11:00:00-07:00,PalmSprings_SolarFarm,3792.52
2024-07-15 12:00:00-07:00,PalmSprings_SolarFarm,5011.78
2024-07-15 13:00:00-07:00,PalmSprings_SolarFarm,5246.62
2024-07-15 14:00:00-07:00,PalmSprings_SolarFarm,3273.93
2024-07-15 15:00:00-07:00,PalmSprings_SolarFarm,3602.11
2024-07-15 16:00:00-07:00,PalmSprings_SolarFarm,3694.69
2024-07-15 17:00:00-07:00,PalmSprings_SolarFarm,3394.74
2024-07-15 18:00:00-07:00,PalmSprings_SolarFarm,2021.05
2024-07-15 19:00:00-07:00,PalmSprings_SolarFarm,1018.72
2024-07-15 20:00:00-07:00,PalmSprings_SolarFarm,0.0
2024-07-15 21:00:00-07:00,PalmSprings_SolarFarm,0.0
2024-07-15 22:00:00-07:00,PalmSprings_SolarFarm,0.0
2024-07-15 23:00:00-07:00,PalmSprings_SolarFarm,0.0
2024-07-16 00:00:00-07:00,PalmSprings_SolarFarm,0.0
2024-07-16 01:00:00-07:00,PalmSprings_SolarFarm,0.0
2024-07-16 02:00:00-07:00,PalmSprings_SolarFarm,0.0
2024-07-16 03:00:00-07:00,PalmSprings_SolarFarm,0.0
2024-07-16 04:00:00-07:00,PalmSprings_SolarFarm,0.0
2024-07-16 05:00:00-07:00,PalmSprings_SolarFarm,0.0
2024-07-16 06:00:00-07:00,PalmSprings_SolarFarm,0.0
2024-07-16 07:00:00-07:00,PalmSprings_SolarFarm,926.12
2024-07-16 08:00:00-07:00,PalmSprings_SolarFarm,1462.75
2024-07-16 09:00:00-07:00,PalmSprings_SolarFarm,2537.18
2024-07-16 10:00:00-07:00,PalmSprings_SolarFarm,3703.59
2024-07-16 11:00:00-07:00,PalmSprings_SolarFarm,4214.08
2024-07-16 12:00:00-07:00,PalmSprings_SolarFarm,3588.97
2024-07-16 13:00:00-07:00,PalmSprings_SolarFarm,3392.01
2024-07-16 14:00:00-07:00,PalmSprings_SolarFarm,3581.77
2024-07-16 15:00:00-07:00,PalmSprings_SolarFarm,3635.43
2024-07-16 16:00:00-07:00,PalmSprings_SolarFarm,3935.91
2024-07-16 17:00:00-07:00,PalmSprings_SolarFarm,2665.59
2024-07-16 18:00:00-07:00,PalmSprings_SolarFarm,1612.66
2024-07-16 19:00:00-07:00,PalmSprings_SolarFarm,922.98
2024-07-16 20:00:00-07:00,PalmSprings_SolarFarm,0.0
2024-07-16 21:00:00-07:00,PalmSprings_SolarFarm,0.0
2024-07-16 22:00:00-07:00,PalmSprings_SolarFarm,0.0
2024-07-16 23:00:00-07:00,PalmSprings_SolarFarm,0.0
2024-07-17 00:00:00-07:00,PalmSprings_SolarFarm,0.0
2024-07-17 01:00:00-07:00,PalmSprings_SolarFarm,0.0
2024-07-17 02:00:00-07:00,PalmSprings_SolarFarm,0.0
2024-07-17 03:00:00-07:00,PalmSprings_SolarFarm,0.0
2024-07-17 04:00:00-07:00,PalmSprings_SolarFarm,0.0
2024-07-17 05:00:00-07:00,PalmSprings_SolarFarm,0.0
2024-07-17 06:00:00-07:00,PalmSprings_SolarFarm,0.0
2024-07-17 07:00:00-07:00,PalmSprings_SolarFarm,959.09
2024-07-17 08:00:00-07:00,PalmSprings_SolarFarm,2042.3
2024-07-17 09:00:00-07:00,PalmSprings_SolarFarm,3004.1
2024-07-17 10:00:00-07:00,PalmSprings_SolarFarm,3917.72
2024-07-17 11:00:00-07:00,PalmSprings_SolarFarm,3825.49
2024-07-17 12:00:00-07:00,PalmSprings_SolarFarm,4377.12
2024-07-17 13:00:00-07:00,PalmSprings_SolarFarm,4518.47
2024-07-17 14:00:00-07:00,PalmSprings_SolarFarm,4628.68
2024-07-17 15:00:00-07:00,PalmSprings_SolarFarm,3835.7
2024-07-17 16:00:00-07:00,PalmSprings_SolarFarm,2844.77
2024-07-17 17:00:00-07:00,PalmSprings_SolarFarm,2073.68
2024-07-17 18:00:00-07:00,PalmSprings_SolarFarm,2014.16
2024-07-17 19:00:00-07:00,PalmSprings_SolarFarm,1106.39
2024-07-17 20:00:00-07:00,PalmSprings_SolarFarm,0.0
2024-07-17 21:00:00-07:00,PalmSprings_SolarFarm,0.0
2024-07-17 22:00:00-07:00,PalmSprings_SolarFarm,0.0
2024-07-17 23:00:00-07:00,PalmSprings_SolarFarm,0.0
2024-07-18 00:00:00-07:00,PalmSprings_SolarFarm,0.0
2024-07-18 01:00:00-07:00,PalmSprings_SolarFarm,0.0
2024-07-18 02:00:00-07:00,PalmSprings_SolarFarm,0.0
2024-07-18 03:00:00-07:00,PalmSprings_SolarFarm,0.0
2024-07-18 04:00:00-07:00,PalmSprings_SolarFarm,0.0
2024-07-18 05:00:00-07:00,PalmSprings_SolarFarm,0.0
2024-07-18 06:00:00-07:00,PalmSprings_SolarFarm,0.0
2024-07-18 07:00:00-07:00,PalmSprings_SolarFarm,909.08
2024-07-18 08:00:00-07:00,PalmSprings_SolarFarm,2176.38
2024-07-18 09:00:00-07:00,PalmSprings_SolarFarm,2252.15
2024-07-18 10:00:00-07:00,PalmSprings_SolarFarm,2961.89
2024-07-18 11:00:00-07:00,PalmSprings_SolarFarm,4348.71
2024-07-18 12:00:00-07:00,PalmSprings_SolarFarm,4112.49
2024-07-18 13:00:00-07:00,PalmSprings_SolarFarm,5145.29
2024-07-18 14:00:00-07:00,PalmSprings_SolarFarm,4727.61
2024-07-18 15:00:00-07:00,PalmSprings_SolarFarm,4148.42
2024-07-18 16:00:00-07:00,PalmSprings_SolarFarm,3040.47
2024-07-18 17:00:00-07:00,PalmSprings_SolarFarm,2770.32
2024-07-18 18:00:00-07:00,PalmSprings_SolarFarm,1979.47
2024-07-18 19:00:00-07:00,PalmSprings_SolarFarm,1004.81
2024-07-18 20:00:00-07:00,PalmSprings_SolarFarm,0.0
2024-07-18 21:00:00-07:00,PalmSprings_SolarFarm,0.0
2024-07-18 22:00:00-07:00,PalmSprings_SolarFarm,0.0
2024-07-18 23:00:00-07:00,PalmSprings_SolarFarm,0.0
2024-07-19 00:00:00-07:00,PalmSprings_SolarFarm,0.0
2024-07-19 01:00:00-07:00,PalmSprings_SolarFarm,0.0
2024-07-19 02:00:00-07:00,PalmSprings_SolarFarm,0.0
2024-07-19 03:00:00-07:00,PalmSprings_SolarFarm,0.0
2024-07-19 04:00:00-07:00,PalmSprings_SolarFarm,0.0
2024-07-19 05:00:00-07:00,PalmSprings_SolarFarm,0.0
2024-07-19 06:00:00-07:00,PalmSprings_SolarFarm,0.0
2024-07-19 07:00:00-07:00,PalmSprings_SolarFarm,1076.42
2024-07-19 08:00:00-07:00,PalmSprings_SolarFarm,1650.94
2024-07-19 09:00:00-07:00,PalmSprings_SolarFarm,3312.43
2024-07-19 10:00:00-07:00,PalmSprings_SolarFarm,3847.58
2024-07-19 11:00:00-07:00,PalmSprings_SolarFarm,3429.17
2024-07-19 12:00:00-07:00,PalmSprings_SolarFarm,3652.06
2024-07-19 13:00:00-07:00,PalmSprings_SolarFarm,3456.66
2024-07-19 14:00:00-07:00,PalmSprings_SolarFarm,3824.14
2024-07-19 15:00:00-07:00,PalmSprings_SolarFarm,4379.52
2024-07-19 16:00:00-07:00,PalmSprings_SolarFarm,3507.27
2024-07-19 17:00:00-07:00,PalmSprings_SolarFarm,2119.43
2024-07-19 18:00:00-07:00,PalmSprings_SolarFarm,2004.38
2024-07-19 19:00:00-07:00,PalmSprings_SolarFarm,754.02
2024-07-19 20:00:00-07:00,PalmSprings_SolarFarm,0.0
2024-07-19 21:00:00-07:00,PalmSprings_SolarFarm,0.0
2024-07-19 22:00:00-07:00,PalmSprings_SolarFarm,0.0
2024-07-19 23:00:00-07:00,PalmSprings_SolarFarm,0.0
2024-07-20 00:00:00-07:00,PalmSprings_SolarFarm,0.0
2024-07-20 01:00:00-07:00,PalmSprings_SolarFarm,0.0
2024-07-20 02:00:00-07:00,PalmSprings_SolarFarm,0.0
2024-07-20 03:00:00-07:00,PalmSprings_SolarFarm,0.0
2024-07-20 04:00:00-07:00,PalmSprings_SolarFarm,0.0
2024-07-20 05:00:00-07:00,PalmSprings_SolarFarm,0.0
2024-07-20 06:00:00-07:00,PalmSprings_SolarFarm,0.0
2024-07-20 07:00:00-07:00,PalmSprings_SolarFarm,988.33
2024-07-20 08:00:00-07:00,PalmSprings_SolarFarm,2032.87
2024-07-20 09:00:00-07:00,PalmSprings_SolarFarm,3069.9
2024-07-20 10:00:00-07:00,PalmSprings_SolarFarm,3680.63
2024-07-20 11:00:00-07:00,PalmSprings_SolarFarm,2833.24
2024-07-20 12:00:00-07:00,PalmSprings_SolarFarm,3567.08
2024-07-20 13:00:00-07:00,PalmSprings_SolarFarm,3487.09
2024-07-20 14:00:00-07:00,PalmSprings_SolarFarm,3828.76
2024-07-20 15:00:00-07:00,PalmSprings_SolarFarm,4443.21
2024-07-20 16:00:00-07:00,PalmSprings_SolarFarm,3210.88
2024-07-20 17:00:00-07:00,PalmSprings_SolarFarm,2371.89
2024-07-20 18:00:00-07:00,PalmSprings_SolarFarm,1441.81
2024-07-20 19:00:00-07:00,PalmSprings_SolarFarm,1014.47
2024-07-20 20:00:00-07:00,PalmSprings_SolarFarm,0.0
2024-07-20 21:00:00-07:00,PalmSprings_SolarFarm,0.0
2024-07-20 22:00:00-07:00,PalmSprings_SolarFarm,0.0
2024-07-20 23:00:00-07:00,PalmSprings_SolarFarm,0.0
2024-07-21 00:00:00-07:00,PalmSprings_SolarFarm,0.0
2024-07-21 01:00:00-07:00,PalmSprings_SolarFarm,0.0
2024-07-21 02:00:00-07:00,PalmSprings_SolarFarm,0.0
2024-07-21 03:00:00-07:00,PalmSprings_SolarFarm,0.0
2024-07-21 04:00:00-07:00,PalmSprings_SolarFarm,0.0
2024-07-21 05:00:00-07:00,PalmSprings_SolarFarm,0.0
2024-07-21 06:00:00-07:00,PalmSprings_SolarFarm,0.0
2024-07-21 07:00:00-07:00,PalmSprings_SolarFarm,711.13
2024-07-21 08:00:00-07:00,PalmSprings_SolarFarm,1601.74
2024-07-21 09:00:00-07:00,PalmSprings_SolarFarm,2826.59
2024-07-21 10:00:00-07:00,PalmSprings_SolarFarm,2783.46
2024-07-21 11:00:00-07:00,PalmSprings_SolarFarm,3251.93
2024-07-21 12:00:00-07:00,PalmSprings_SolarFarm,3526.73
2024-07-21 13:00:00-07:00,PalmSprings_SolarFarm,4085.96
2024-07-21 14:00:00-07:00,PalmSprings_SolarFarm,3399.88
2024-07-21 15:00:00-07:00,PalmSprings_SolarFarm,4578.38
2024-07-21 16:00:00-07:00,PalmSprings_SolarFarm,2702.52
2024-07-21 17:00:00-07:00,PalmSprings_SolarFarm,3148.52
2024-07-21 18:00:00-07:00,PalmSprings_SolarFarm,1526.55
2024-07-21 19:00:00-07:00,PalmSprings_SolarFarm,897.33
2024-07-21 20:00:00-07:00,PalmSprings_SolarFarm,0.0
2024-07-21 21:00:00-07:00,PalmSprings_SolarFarm,0.0
2024-07-21 22:00:00-07:00,PalmSprings_SolarFarm,0.0
2024-07-21 23:00:00-07:00,PalmSprings_SolarFarm,0.0
2024-07-22 00:00:00-07:00,PalmSprings_SolarFarm,0.0
2024-07-22 01:00:00-07:00,PalmSprings_SolarFarm,0.0
2024-07-22 02:00:00-07:00,PalmSprings_SolarFarm,0.0
2024-07-22 03:00:00-07:00,PalmSprings_SolarFarm,0.0
2024-07-22 04:00:00-07:00,PalmSprings_SolarFarm,0.0
2024-07-22 05:00:00-07:00,PalmSprings_SolarFarm,0.0
2024-07-22 06:00:00-07:00,PalmSprings_SolarFarm,0.0
2024-07-22 07:00:00-07:00,PalmSprings_SolarFarm,867.63
2024-07-22 08:00:00-07:00,PalmSprings_SolarFarm,1775.25
2024-07-22 09:00:00-07:00,PalmSprings_SolarFarm,2553.97
2024-07-22 10:00:00-07:00,PalmSprings_SolarFarm,2993.66
2024-07-22 11:00:00-07:00,PalmSprings_SolarFarm,4241.07
2024-07-22 12:00:00-07:00,PalmSprings_SolarFarm,4611.61
2024-07-22 13:00:00-07:00,PalmSprings_SolarFarm,4239.86
2024-07-22 14:00:00-07:00,PalmSprings_SolarFarm,3194.21
2024-07-22 15:00:00-07:00,PalmSprings_SolarFarm,3717.83
2024-07-22 16:00:00-07:00,PalmSprings_SolarFarm,3657.17
2024-07-22 17:00:00-07:00,PalmSprings_SolarFarm,2479.71
2024-07-22 18:00:00-07:00,PalmSprings_SolarFarm,2160.37
2024-07-22 19:00:00-07:00,PalmSprings_SolarFarm,978.12
2024-07-22 20:00:00-07:00,PalmSprings_SolarFarm,0.0
2024-07-22 21:00:00-07:00,PalmSprings_SolarFarm,0.0
2024-07-22 22:00:00-07:00,PalmSprings_SolarFarm,0.0
2024-07-22 23:00:00-07:00,PalmSprings_SolarFarm,0.0
2024-07-23 00:00:00-07:00,PalmSprings_SolarFarm,0.0
2024-07-23 01:00:00-07:00,PalmSprings_SolarFarm,0.0
2024-07-23 02:00:00-07:00,PalmSprings_SolarFarm,0.0
2024-07-23 03:00:00-07:00,PalmSprings_SolarFarm,0.0
2024-07-23 04:00:00-07:00,PalmSprings_SolarFarm,0.0
2024-07-23 05:00:00-07:00,PalmSprings_SolarFarm,0.0
2024-07-23 06:00:00-07:00,PalmSprings_SolarFarm,0.0
2024-07-23 07:00:00-07:00,PalmSprings_SolarFarm,761.75
2024-07-23 08:00:00-07:00,PalmSprings_SolarFarm,2257.23
2024-07-23 09:00:00-07:00,PalmSprings_SolarFarm,3122.55
2024-07-23 10:00:00-07:00,PalmSprings_SolarFarm,3661.73
2024-07-23 11:00:00-07:00,PalmSprings_SolarFarm,3118.2
2024-07-23 12:00:00-07:00,PalmSprings_SolarFarm,3681.24
2024-07-23 13:00:00-07:00,PalmSprings_SolarFarm,4265.79
2024-07-23 14:00:00-07:00,PalmSprings_SolarFarm,4638.4
2024-07-23 15:00:00-07:00,PalmSprings_SolarFarm,3805.6
2024-07-23 16:00:00-07:00,PalmSprings_SolarFarm,3283.89
2024-07-23 17:00:00-07:00,PalmSprings_SolarFarm,2571.64
2024-07-23 18:00:00-07:00,PalmSprings_SolarFarm,1819.68
2024-07-23 19:00:00-07:00,PalmSprings_SolarFarm,1060.14
2024-07-23 20:00:00-07:00,PalmSprings_SolarFarm,0.0
2024-07-23 21:00:00-07:00,PalmSprings_SolarFarm,0.0
2024-07-23 22:00:00-07:00,PalmSprings_SolarFarm,0.0
2024-07-23 23:00:00-07:00,PalmSprings_SolarFarm,0.0
2024-07-24 00:00:00-07:00,PalmSprings_SolarFarm,0.0
2024-07-24 01:00:00-07:00,PalmSprings_SolarFarm,0.0
2024-07-24 02:00:00-07:00,PalmSprings_SolarFarm,0.0
2024-07-24 03:00:00-07:00,PalmSprings_SolarFarm,0.0
2024-07-24 04:00:00-07:00,PalmSprings_SolarFarm,0.0
2024-07-24 05:00:00-07:00,PalmSprings_SolarFarm,0.0
2024-07-24 06:00:00-07:00,PalmSprings_SolarFarm,0.0
2024-07-24 07:00:00-07:00,PalmSprings_SolarFarm,867.8
2024-07-24 08:00:00-07:00,PalmSprings_SolarFarm,1523.88
2024-07-24 09:00:00-07:00,PalmSprings_SolarFarm,2137.35
2024-07-24 10:00:00-07:00,PalmSprings_SolarFarm,3670.68
2024-07-24 11:00:00-07:00,PalmSprings_SolarFarm,2858.34
2024-07-24 12:00:00-07:00,PalmSprings_SolarFarm,4023.77
2024-07-24 13:00:00-07:00,PalmSprings_SolarFarm,4869.14
2024-07-24 14:00:00-07:00,PalmSprings_SolarFarm,5050.79
2024-07-24 15:00:00-07:00,PalmSprings_SolarFarm,4117.0
2024-07-24 16:00:00-07:00,PalmSprings_SolarFarm,2909.5
2024-07-24 17:00:00-07:00,PalmSprings_SolarFarm,2102.26
2024-07-24 18:00:00-07:00,PalmSprings_SolarFarm,1857.57
2024-07-24 19:00:00-07:00,PalmSprings_SolarFarm,961.57
2024-07-24 20:00:00-07:00,PalmSprings_SolarFarm,0.0
2024-07-24 21:00:00-07:00,PalmSprings_SolarFarm,0.0
2024-07-24 22:00:00-07:00,PalmSprings_SolarFarm,0.0
2024-07-24 23:00:00-07:00,PalmSprings_SolarFarm,0.0
2024-07-25 00:00:00-07:00,PalmSprings_SolarFarm,0.0
2024-07-25 01:00:00-07:00,PalmSprings_SolarFarm,0.0
2024-07-25 02:00:00-07:00,PalmSprings_SolarFarm,0.0
2024-07-25 03:00:00-07:00,PalmSprings_SolarFarm,0.0
2024-07-25 04:00:00-07:00,PalmSprings_SolarFarm,0.0
2024-07-25 05:00:00-07:00,PalmSprings_SolarFarm,0.0
2024-07-25 06:00:00-07:00,PalmSprings_SolarFarm,0.0
2024-07-25 07:00:00-07:00,PalmSprings_SolarFarm,1091.58
2024-07-25 08:00:00-07:00,PalmSprings_SolarFarm,1864.47
2024-07-25 09:00:00-07:00,PalmSprings_SolarFarm,2366.26
2024-07-25 10:00:00-07:00,PalmSprings_SolarFarm,2943.86
2024-07-25 11:00:00-07:00,PalmSprings_SolarFarm,4176.98
2024-07-25 12:00:00-07:00,PalmSprings_SolarFarm,3371.54
2024-07-25 13:00:00-07:00,PalmSprings_SolarFarm,4484.13
2024-07-25 14:00:00-07:00,PalmSprings_SolarFarm,3672.17
2024-07-25 15:00:00-07:00,PalmSprings_SolarFarm,4661.24
2024-07-25 16:00:00-07:00,PalmSprings_SolarFarm,3460.59
2024-07-25 17:00:00-07:00,PalmSprings_SolarFarm,2970.66
2024-07-25 18:00:00-07:00,PalmSprings_SolarFarm,2068.32
2024-07-25 19:00:00-07:00,PalmSprings_SolarFarm,875.64
2024-07-25 20:00:00-07:00,PalmSprings_SolarFarm,0.0
2024-07-25 21:00:00-07:00,PalmSprings_SolarFarm,0.0
2024-07-25 22:00:00-07:00,PalmSprings_SolarFarm,0.0
2024-07-25 23:00:00-07:00,PalmSprings_SolarFarm,0.0
2024-07-26 00:00:00-07:00,PalmSprings_SolarFarm,0.0
2024-07-26 01:00:00-07:00,PalmSprings_SolarFarm,0.0
2024-07-26 02:00:00-07:00,PalmSprings_SolarFarm,0.0
2024-07-26 03:00:00-07:00,PalmSprings_SolarFarm,0.0
2024-07-26 04:00:00-07:00,PalmSprings_SolarFarm,0.0
2024-07-26 05:00:00-07:00,PalmSprings_SolarFarm,0.0
2024-07-26 06:00:00-07:00,PalmSprings_SolarFarm,0.0
2024-07-26 07:00:00-07:00,PalmSprings_SolarFarm,1054.24
2024-07-26 08:00:00-07:00,PalmSprings_SolarFarm,1695.12
2024-07-26 09:00:00-07:00,PalmSprings_SolarFarm,3359.88
2024-07-26 10:00:00-07:00,PalmSprings_SolarFarm,3666.29
2024-07-26 11:00:00-07:00,PalmSprings_SolarFarm,3485.71
2024-07-26 12:00:00-07:00,PalmSprings_SolarFarm,3865.15
2024-07-26 13:00:00-07:00,PalmSprings_SolarFarm,3572.84
2024-07-26 14:00:00-07:00,PalmSprings_SolarFarm,4551.05
2024-07-26 15:00:00-07:00,PalmSprings_SolarFarm,3595.62
2024-07-26 16:00:00-07:00,PalmSprings_SolarFarm,3577.9
2024-07-26 17:00:00-07:00,PalmSprings_SolarFarm,2533.76
2024-07-26 18:00:00-07:00,PalmSprings_SolarFarm,2011.14
2024-07-26 19:00:00-07:00,PalmSprings_SolarFarm,999.77
2024-07-26 20:00:00-07:00,PalmSprings_SolarFarm,0.0
2024-07-26 21:00:00-07:00,PalmSprings_SolarFarm,0.0
2024-07-26 22:00:00-07:00,PalmSprings_SolarFarm,0.0
2024-07-26 23:00:00-07:00,PalmSprings_SolarFarm,0.0
2024-07-27 00:00:00-07:00,PalmSprings_SolarFarm,0.0
2024-07-27 01:00:00-07:00,PalmSprings_SolarFarm,0.0
2024-07-27 02:00:00-07:00,PalmSprings_SolarFarm,0.0
2024-07-27 03:00:00-07:00,PalmSprings_SolarFarm,0.0
2024-07-27 04:00:00-07:00,PalmSprings_SolarFarm,0.0
2024-07-27 05:00:00-07:00,PalmSprings_SolarFarm,0.0
2024-07-27 06:00:00-07:00,PalmSprings_SolarFarm,0.0
2024-07-27 07:00:00-07:00,PalmSprings_SolarFarm,844.26
2024-07-27 08:00:00-07:00,PalmSprings_SolarFarm,1851.58
2024-07-27 09:00:00-07:00,PalmSprings_SolarFarm,2859.46
2024-07-27 10:00:00-07:00,PalmSprings_SolarFarm,2631.25
2024-07-27 11:00:00-07:00,PalmSprings_SolarFarm,3824.17
2024-07-27 12:00:00-07:00,PalmSprings_SolarFarm,4934.52
2024-07-27 13:00:00-07:00,PalmSprings_SolarFarm,4021.02
2024-07-27 14:00:00-07:00,PalmSprings_SolarFarm,3295.18
2024-07-27 15:00:00-07:00,PalmSprings_SolarFarm,2909.98
2024-07-27 16:00:00-07:00,PalmSprings_SolarFarm,2872.49
2024-07-27 17:00:00-07:00,PalmSprings_SolarFarm,2533.79
2024-07-27 18:00:00-07:00,PalmSprings_SolarFarm,1480.45
2024-07-27 19:00:00-07:00,PalmSprings_SolarFarm,1056.6
2024-07-27 20:00:00-07:00,PalmSprings_SolarFarm,0.0
2024-07-27 21:00:00-07:00,PalmSprings_SolarFarm,0.0
2024-07-27 22:00:00-07:00,PalmSprings_SolarFarm,0.0
2024-07-27 23:00:00-07:00,PalmSprings_SolarFarm,0.0
2024-07-28 00:00:00-07:00,PalmSprings_SolarFarm,0.0
2024-07-28 01:00:00-07:00,PalmSprings_SolarFarm,0.0
2024-07-28 02:00:00-07:00,PalmSprings_SolarFarm,0.0
2024-07-28 03:00:00-07:00,PalmSprings_SolarFarm,0.0
2024-07-28 04:00:00-07:00,PalmSprings_SolarFarm,0.0
2024-07-28 05:00:00-07:00,PalmSprings_SolarFarm,0.0
2024-07-28 06:00:00-07:00,PalmSprings_SolarFarm,0.0
2024-07-28 07:00:00-07:00,PalmSprings_SolarFarm,756.29
2024-07-28 08:00:00-07:00,PalmSprings_SolarFarm,1492.0
2024-07-28 09:00:00-07:00,PalmSprings_SolarFarm,2497.95
2024-07-28 10:00:00-07:00,PalmSprings_SolarFarm,3535.47
2024-07-28 11:00:00-07:00,PalmSprings_SolarFarm,3011.14
2024-07-28 12:00:00-07:00,PalmSprings_SolarFarm,3150.39
2024-07-28 13:00:00-07:00,PalmSprings_SolarFarm,3939.22
2024-07-28 14:00:00-07:00,PalmSprings_SolarFarm,4988.59
2024-07-28 15:00:00-07:00,PalmSprings_SolarFarm,3961.89
2024-07-28 16:00:00-07:00,PalmSprings_SolarFarm,3389.94
2024-07-28 17:00:00-07:00,PalmSprings_SolarFarm,2680.78
2024-07-28 18:00:00-07:00,PalmSprings_SolarFarm,1538.93
2024-07-28 19:00:00-07:00,PalmSprings_SolarFarm,1017.06
2024-07-28 20:00:00-07:00,PalmSprings_SolarFarm,0.0
2024-07-28 21:00:00-07:00,PalmSprings_SolarFarm,0.0
2024-07-28 22:00:00-07:00,PalmSprings_SolarFarm,0.0
2024-07-28 23:00:00-07:00,PalmSprings_SolarFarm,0.0
2024-07-29 00:00:00-07:00,PalmSprings_SolarFarm,0.0
2024-07-29 01:00:00-07:00,PalmSprings_SolarFarm,0.0
2024-07-29 02:00:00-07:00,PalmSprings_SolarFarm,0.0
2024-07-29 03:00:00-07:00,PalmSprings_SolarFarm,0.0
2024-07-29 04:00:00-07:00,PalmSprings_SolarFarm,0.0
2024-07-29 05:00:00-07:00,PalmSprings_SolarFarm,0.0
2024-07-29 06:00:00-07:00,PalmSprings_SolarFarm,0.0
2024-07-29 07:00:00-07:00,PalmSprings_SolarFarm,936.17
2024-07-29 08:00:00-07:00,PalmSprings_SolarFarm,1764.66
2024-07-29 09:00:00-07:00,PalmSprings_SolarFarm,2918.83
2024-07-29 10:00:00-07:00,PalmSprings_SolarFarm,2531.89
2024-07-29 11:00:00-07:00,PalmSprings_SolarFarm,3789.08
2024-07-29 12:00:00-07:00,PalmSprings_SolarFarm,4627.91
2024-07-29 13:00:00-07:00,PalmSprings_SolarFarm,3227.92
2024-07-29 14:00:00-07:00,PalmSprings_SolarFarm,3199.72
2024-07-29 15:00:00-07:00,PalmSprings_SolarFarm,4780.36
2024-07-29 16:00:00-07:00,PalmSprings_SolarFarm,3547.62
2024-07-29 17:00:00-07:00,PalmSprings_SolarFarm,2924.31
2024-07-29 18:00:00-07:00,PalmSprings_SolarFarm,1944.45
2024-07-29 19:00:00-07:00,PalmSprings_SolarFarm,1143.93
2024-07-29 20:00:00-07:00,PalmSprings_SolarFarm,0.0
2024-07-29 21:00:00-07:00,PalmSprings_SolarFarm,0.0
2024-07-29 22:00:00-07:00,PalmSprings_SolarFarm,0.0
2024-07-29 23:00:00-07:00,PalmSprings_SolarFarm,0.0
2024-07-30 00:00:00-07:00,PalmSprings_SolarFarm,0.0
2024-07-30 01:00:00-07:00,PalmSprings_SolarFarm,0.0
2024-07-30 02:00:00-07:00,PalmSprings_SolarFarm,0.0
2024-07-30 03:00:00-07:00,PalmSprings_SolarFarm,0.0
2024-07-30 04:00:00-07:00,PalmSprings_SolarFarm,0.0
2024-07-30 05:00:00-07:00,PalmSprings_SolarFarm,0.0
2024-07-30 06:00:00-07:00,PalmSprings_SolarFarm,0.0
2024-07-30 07:00:00-07:00,PalmSprings_SolarFarm,747.78
2024-07-30 08:00:00-07:00,PalmSprings_SolarFarm,1639.98
2024-07-30 09:00:00-07:00,PalmSprings_SolarFarm,2241.6
2024-07-30 10:00:00-07:00,PalmSprings_SolarFarm,3096.88
2024-07-30 11:00:00-07:00,PalmSprings_SolarFarm,3072.27
2024-07-30 12:00:00-07:00,PalmSprings_SolarFarm,4374.1
2024-07-30 13:00:00-07:00,PalmSprings_SolarFarm,4025.25
2024-07-30 14:00:00-07:00,PalmSprings_SolarFarm,4498.52
2024-07-30 15:00:00-07:00,PalmSprings_SolarFarm,3064.64
2024-07-30 16:00:00-07:00,PalmSprings_SolarFarm,2858.41
2024-07-30 17:00:00-07:00,PalmSprings_SolarFarm,2095.73
2024-07-30 18:00:00-07:00,PalmSprings_SolarFarm,1800.33
2024-07-30 19:00:00-07:00,PalmSprings_SolarFarm,717.3
2024-07-30 20:00:00-07:00,PalmSprings_SolarFarm,0.0
2024-07-30 21:00:00-07:00,PalmSprings_SolarFarm,0.0
2024-07-30 22:00:00-07:00,PalmSprings_SolarFarm,0.0
2024-07-30 23:00:00-07:00,PalmSprings_SolarFarm,0.0
2024-07-31 00:00:00-07:00,PalmSprings_SolarFarm,0.0
2024-07-31 01:00:00-07:00,PalmSprings_SolarFarm,0.0
2024-07-31 02:00:00-07:00,PalmSprings_SolarFarm,0.0
2024-07-31 03:00:00-07:00,PalmSprings_SolarFarm,0.0
2024-07-31 04:00:00-07:00,PalmSprings_SolarFarm,0.0
2024-07-31 05:00:00-07:00,PalmSprings_SolarFarm,0.0
2024-07-31 06:00:00-07:00,PalmSprings_SolarFarm,0.0
2024-07-31 07:00:00-07:00,PalmSprings_SolarFarm,891.71
2024-07-31 08:00:00-07:00,PalmSprings_SolarFarm,2051.94
2024-07-31 09:00:00-07:00,PalmSprings_SolarFarm,3111.17
2024-07-31 10:00:00-07:00,PalmSprings_SolarFarm,3662.3
2024-07-31 11:00:00-07:00,PalmSprings_SolarFarm,3934.09
2024-07-31 12:00:00-07:00,PalmSprings_SolarFarm,3492.01
2024-07-31 13:00:00-07:00,PalmSprings_SolarFarm,3599.61
2024-07-31 14:00:00-07:00,PalmSprings_SolarFarm,3887.23
2024-07-31 15:00:00-07:00,PalmSprings_SolarFarm,3725.27
2024-07-31 16:00:00-07:00,PalmSprings_SolarFarm,3323.72
2024-07-31 17:00:00-07:00,PalmSprings_SolarFarm,2821.37
2024-07-31 18:00:00-07:00,PalmSprings_SolarFarm,1416.56
2024-07-31 19:00:00-07:00,PalmSprings_SolarFarm,839.14
2024-07-31 20:00:00-07:00,PalmSprings_SolarFarm,0.0
2024-07-31 21:00:00-07:00,PalmSprings_SolarFarm,0.0
2024-07-31 22:00:00-07:00,PalmSprings_SolarFarm,0.0
2024-07-31 23:00:00-07:00,PalmSprings_SolarFarm,0.0
